name,link
adele,https://github.com/UXPin/adele
airtable.js,http://github.com/Airtable/airtable.js
algoliasearch-client-javascript,http://github.com/algolia/algoliasearch-client-javascript
anyproxy,http://github.com/alibaba/anyproxy
apify-js,http://github.com/apify/apify-js
apollo-cache-persist,http://github.com/apollographql/apollo-cache-persist
apollo-client-devtools,http://github.com/apollographql/apollo-client-devtools
AVA,http://github.com/antvis/AVA
aws-cdk,http://github.com/aws/aws-cdk
cavy,https://github.com/pixielabs/cavy
configure-aws-credentials,https://github.com/aws-actions/configure-aws-credentials
create-component-app,https://github.com/CVarisco/create-component-app
derivablejs,https://github.com/ds300/derivablejs
dext,https://github.com/DextApp/dext
facepaint,https://github.com/emotion-js/facepaint
fresnel,http://github.com/artsy/fresnel
glam,https://github.com/threepointone/glam
graphdoc,http://github.com/2fd/graphdoc
javascript-action,http://github.com/actions/javascript-action
jetpack,http://github.com/Automattic/jetpack
lock,https://github.com/auth0/lock
mathlive,http://github.com/arnog/mathlive
next-compose-plugins,https://github.com/cyrilwanner/next-compose-plugins
pivotal-ui,https://github.com/pivotal-cf/pivotal-ui
preset-modules,https://github.com/babel/preset-modules
proxymise,https://github.com/kozhevnikov/proxymise
rax,http://github.com/alibaba/rax
react-beautiful-dnd,http://github.com/atlassian/react-beautiful-dnd
react-credit-cards,http://github.com/amaroteam/react-credit-cards
react-data-grid,http://github.com/adazzle/react-data-grid
react-datetime,http://github.com/arqex/react-datetime
react-google-login,http://github.com/anthonyjgrove/react-google-login
react-kanban,http://github.com/asseinfo/react-kanban
react-loading,https://github.com/fakiolinho/react-loading
react-loops,https://github.com/leebyron/react-loops
react-native-really-awesome-button,https://github.com/rcaferati/react-native-really-awesome-button
react-native-typescript-transformer,https://github.com/ds300/react-native-typescript-transformer
ReactPrimer,https://github.com/ReactPrimer/ReactPrimer
react-recaptcha,http://github.com/appleboy/react-recaptcha
react-sketchapp,http://github.com/airbnb/react-sketchapp
react-slick,http://github.com/akiran/react-slick
React-Spreadsheet-Component,https://github.com/felixrieseberg/React-Spreadsheet-Component
react-stdio,https://github.com/ReactTraining/react-stdio
react-textarea-autosize,http://github.com/Andarist/react-textarea-autosize
redux-responsive,https://github.com/AlecAivazis/redux-responsive
redux-ship,https://github.com/clarus/redux-ship
rifm,https://github.com/realadvisor/rifm
semantic-pull-requests,https://github.com/zeke/semantic-pull-requests
shineout,https://github.com/sheinsight/shineout
style-dictionary,http://github.com/amzn/style-dictionary
table-dragger,https://github.com/sindu12jun/table-dragger
tiny-invariant,http://github.com/alexreardon/tiny-invariant
tinytime,https://github.com/aweary/tinytime
tippyjs-react,http://github.com/atomiks/tippyjs-react
ui-router,http://github.com/angular-ui/ui-router
vue-advanced-chat,http://github.com/antoine92190/vue-advanced-chat
vuera,http://github.com/akxcv/vuera
vue-typescript-admin-template,http://github.com/Armour/vue-typescript-admin-template
whenipress,https://github.com/lukeraymonddowning/whenipress
