UXPin/adele,1674135090,1674135283
Airtable/airtable,1674135283,1674135355
algolia/algoliasearch-client-javascript,1674135355,1674136396
alibaba/anyproxy,1674136396,1674136569
apify/apify-js,1674136569,1674136897
apollographql/apollo-cache-persist,1674136897,1674137023
apollographql/apollo-client-devtools,1674137023,1674137192
antvis/AVA,1674137192,1674137353
aws/aws-cdk,1674137353,1674137814
pixielabs/cavy,1674137814,1674137850
aws-actions/configure-aws-credentials,1674137850,1674137898
CVarisco/create-component-app,1674137898,1674137946
ds300/derivablejs,1674137946,1674138006
DextApp/dext,1674138006,1674138126
emotion-js/facepaint,1674138126,1674138193
artsy/fresnel,1674138193,1674138294
threepointone/glam,1674138294,1674138361
2fd/graphdoc,1674138361,1674138422
actions/javascript-action,1674138422,1674138455
Automattic/jetpack,1674138455,1674138589
auth0/lock,1674138589,1674138830
arnog/mathlive,1674138830,1674138952
cyrilwanner/next-compose-plugins,1674138952,1674139007
pivotal-cf/pivotal-ui,1674139007,1674139267
babel/preset-modules,1674139267,1674139394
kozhevnikov/proxymise,1674139394,1674139429
alibaba/rax,1674139429,1674139592
atlassian/react-beautiful-dnd,1674139592,1674140267
amaroteam/react-credit-cards,1674140267,1674140383
adazzle/react-data-grid,1674140383,1674140596
arqex/react-datetime,1674140596,1674140730
anthonyjgrove/react-google-login,1674140730,1674140816
asseinfo/react-kanban,1674140816,1674141020
fakiolinho/react-loading,1674141020,1674141071
leebyron/react-loops,1674141071,1674141118
rcaferati/react-native-really-awesome-button,1674141118,1674141166
ds300/react-native-typescript-transformer,1674141166,1674141182
ReactPrimer/ReactPrimer,1674141182,1674141249
appleboy/react-recaptcha,1674141249,1674141314
airbnb/react-sketchapp,1674141314,1674141467
akiran/react-slick,1674141467,1674141485
felixrieseberg/React-Spreadsheet-Component,1674141485,1674141549
ReactTraining/react-stdio,1674141549,1674141588
Andarist/react-textarea-autosize,1674141588,1674141717
AlecAivazis/redux-responsive,1674141717,1674141828
clarus/redux-ship,1674141828,1674141875
realadvisor/rifm,1674141875,1674141997
zeke/semantic-pull-requests,1674141997,1674142040
sheinsight/shineout,1674142040,1674142553
amzn/style-dictionary,1674142553,1674142670
sindu12jun/table-dragger,1674142670,1674142746
alexreardon/tiny-invariant,1674142746,1674142844
aweary/tinytime,1674142844,1674142899
atomiks/tippyjs-react,1674142899,1674143018
angular-ui/ui-router,1674143018,1674143129
antoine92190/vue-advanced-chat,1674143129,1674143226
akxcv/vuera,1674143226,1674143296
Armour/vue-typescript-admin-template,1674143296,1674143491
lukeraymonddowning/whenipress,1674143491,1674143553
pixielabs/cavy,1674237660,1674237689
pixielabs/cavy,1674237801,1674237830
pixielabs/cavy,1674238251,1674238292
pixielabs/cavy,1674238372,1674238408
pixielabs/cavy,1674238513,1674238551
pixielabs/cavy,1674238727,1674238763
pixielabs/cavy,1674239059,1674239087
pixielabs/cavy,1674239110,1674239143
pixielabs/cavy,1674239314,1674239351
pixielabs/cavy,1674239628,1674239659
pixielabs/cavy,1674239710,1674239741
pixielabs/cavy,1674239755,1674239789
ds300/react-native-typescript-transformer,1674296691,1674296713
akiran/react-slick,1674296713,1674296764
actions/javascript-action,1674296764,1674296781
kozhevnikov/proxymise,1674296781,1674296799
pixielabs/cavy,1674296799,1674296816
ReactTraining/react-stdio,1674296816,1674296835
zeke/semantic-pull-requests,1674296835,1674296857
leebyron/react-loops,1674296857,1674296883
clarus/redux-ship,1674296883,1674296905
aws-actions/configure-aws-credentials,1674296905,1674296927
CVarisco/create-component-app,1674296927,1674296948
rcaferati/react-native-really-awesome-button,1674296948,1674296969
fakiolinho/react-loading,1674296969,1674296992
cyrilwanner/next-compose-plugins,1674296992,1674297014
aweary/tinytime,1674297014,1674297043
ds300/derivablejs,1674297043,1674297071
2fd/graphdoc,1674297071,1674297091
lukeraymonddowning/whenipress,1674297091,1674297116
felixrieseberg/React-Spreadsheet-Component,1674297116,1674297148
appleboy/react-recaptcha,1674297148,1674297180
emotion-js/facepaint,1674297180,1674297210
threepointone/glam,1674297210,1674297238
ReactPrimer/ReactPrimer,1674297238,1674297265
akxcv/vuera,1674297265,1674297294
Airtable/airtable,1674297294,1674297319
sindu12jun/table-dragger,1674297319,1674297353
anthonyjgrove/react-google-login,1674297353,1674297387
antoine92190/vue-advanced-chat,1674297387,1674297425
alexreardon/tiny-invariant,1674297425,1674297455
artsy/fresnel,1674297455,1674297495
AlecAivazis/redux-responsive,1674297495,1674298313
angular-ui/ui-router,1674298313,1674298344
amaroteam/react-credit-cards,1674298344,1674298388
amzn/style-dictionary,1674298388,1674298415
atomiks/tippyjs-react,1674298415,1674298463
DextApp/dext,1674298463,1674298504
arnog/mathlive,1674298504,1674298528
realadvisor/rifm,1674298528,1674298570
apollographql/apollo-cache-persist,1674298570,1674298625
babel/preset-modules,1674298625,1674298666
Andarist/react-textarea-autosize,1674298666,1674298731
Automattic/jetpack,1674298731,1674298768
arqex/react-datetime,1674298768,1674298819
airbnb/react-sketchapp,1674298819,1674298882
antvis/AVA,1674298882,1674298957
alibaba/rax,1674298957,1674299027
apollographql/apollo-client-devtools,1674299027,1674299069
alibaba/anyproxy,1674299069,1674299137
UXPin/adele,1674299137,1674299210
Armour/vue-typescript-admin-template,1674299210,1674299280
asseinfo/react-kanban,1674299280,1674299344
adazzle/react-data-grid,1674299344,1674299398
auth0/lock,1674299398,1674299472
pivotal-cf/pivotal-ui,1674299472,1674300336
apify/apify-js,1674300336,1674300402
aws/aws-cdk,1674300402,1674300500
sheinsight/shineout,1674300500,1674300618
atlassian/react-beautiful-dnd,1674300618,1674300719
algolia/algoliasearch-client-javascript,1674300719,1674301771
ds300/react-native-typescript-transformer,1674592601,1674592658
akiran/react-slick,1674592658,1674592799

