ds300/react-native-typescript-transformer,1674616699,1674616944
akiran/react-slick,1674616944,1674617764
actions/javascript-action,1674617764,1674617864
kozhevnikov/proxymise,1676955082,1676955772
pixielabs/cavy,1674617884,1674617985
ReactTraining/react-stdio,1674617985,1674618105
zeke/semantic-pull-requests,1676957065,1676957502
leebyron/react-loops,1676955772,1676956216
clarus/redux-ship,1674618154,1674618264
aws-actions/configure-aws-credentials,1674618264,1674618410
CVarisco/create-component-app,1674618410,1674618640
rcaferati/react-native-really-awesome-button,1676956216,1676956624
fakiolinho/react-loading,1674618663,1674618806
cyrilwanner/next-compose-plugins,1674618806,1674619149
aweary/tinytime,1674619149,1674619247
ds300/derivablejs,1674619247,1674619408
2fd/graphdoc,1674619408,1674619886
lukeraymonddowning/whenipress,1674619886,1674620112
felixrieseberg/React-Spreadsheet-Component,1674620112,1674620273
appleboy/react-recaptcha,1674620273,1674620502
emotion-js/facepaint,1674620502,1674620655
threepointone/glam,1674620655,1674620808
ReactPrimer/ReactPrimer,1674620808,1674620967
akxcv/vuera,1674620967,1674621227
Airtable/airtable,1674621227,1674621654
sindu12jun/table-dragger,1676956624,1676957065
anthonyjgrove/react-google-login,1674621691,1674621982
antoine92190/vue-advanced-chat,1674621982,1674622027
alexreardon/tiny-invariant,1674622027,1674622955
artsy/fresnel,1674622955,1674623342
AlecAivazis/redux-responsive,1674623342,1674624447
angular-ui/ui-router,1674624447,1674625444
amaroteam/react-credit-cards,1674625444,1674625867
amzn/style-dictionary,1676957502,1676957818
atomiks/tippyjs-react,1674626667,1674627188
DextApp/dext,1674627188,1674627548
arnog/mathlive,1674627548,1674628202
realadvisor/rifm,1674628202,1674629041
apollographql/apollo-cache-persist,1674629041,1674629494
babel/preset-modules,1674629494,1674630377
Andarist/react-textarea-autosize,1674630377,1674630755
Automattic/jetpack,1674630755,1674631203
arqex/react-datetime,1674631203,1674631911
airbnb/react-sketchapp,1674631911,1674632415
antvis/AVA,1676951865,1676955082
alibaba/rax,1674632487,1674633369
apollographql/apollo-client-devtools,1674633369,1674634586
alibaba/anyproxy,1674634586,1674635153
UXPin/adele,1674635153,1674635941
Armour/vue-typescript-admin-template,1674635941,1674636457
asseinfo/react-kanban,1674636457,1674637495
adazzle/react-data-grid,1674637495,1674639829
auth0/lock,1674639829,1674640657
pivotal-cf/pivotal-ui,1674640657,1674642835
apify/apify-js,1674642835,1674644657
aws/aws-cdk,1674644657,1674651856
sheinsight/shineout,1674651856,1674654591
atlassian/react-beautiful-dnd,1674654591,1674657919
algolia/algoliasearch-client-javascript,1674657919,1674660302
